para;spearman_r;p_value;N
prog vs wynik;0.7930702044383092;3.7752137302286515e-61;277
wynik vs zdawalnosc;0.8139518683775194;8.035401246583537e-67;277
