para;spearman_r;p_value;N
prog vs wynik;0.7607529432775189;3.0057326062305053e-55;286
wynik vs zdawalnosc;0.7488197418928982;1.1670185058805273e-52;286
